time	V(out)
0.000000000000000e+00	1.440000e-05
7.999999968033578e-11	1.440000e-05
1.599999993606716e-10	1.440000e-05
2.320500086643258e-10	1.440000e-05
2.997379255877880e-10	1.440000e-05
1.000000000000000e-09	1.440008e-05
1.465630033092650e-07	1.795651e-05
2.921260066185300e-07	2.848532e-05
4.376890099277949e-07	4.598650e-05
5.832520132370598e-07	7.046005e-05
7.288150165463248e-07	1.019060e-04
8.743780198555898e-07	1.403243e-04
1.019941023164854e-06	1.857149e-04
2.038897594373093e-06	6.962544e-04
4.076810736789570e-06	2.717326e-03
8.152637021622524e-06	9.842069e-03
1.303544952162252e-05	2.313228e-02
1.791826202162253e-05	4.185439e-02
1.928722458996216e-05	4.763672e-02
2.065618715830180e-05	5.392730e-02
2.202514972664144e-05	6.072612e-02
2.339411229498108e-05	6.803318e-02
2.476307486332072e-05	7.584849e-02
2.613203743166036e-05	8.417203e-02
2.750100000000000e-05	9.300381e-02
2.750130000000000e-05	9.300577e-02
2.750159999999999e-05	9.300772e-02
2.750200000000000e-05	9.301033e-02
3.662151285714674e-05	1.496250e-01
4.574102571429348e-05	2.024790e-01
5.486053857144023e-05	2.515725e-01
6.398005142858697e-05	2.969054e-01
7.309956428573371e-05	3.384778e-01
8.221907714288046e-05	3.762895e-01
9.133859000002717e-05	4.103407e-01
1.000000000000000e-04	4.403081e-01
1.000001000000000e-04	4.403084e-01
1.000003000000000e-04	4.403090e-01
1.000006000000000e-04	4.403100e-01
1.000010000000000e-04	4.403113e-01
1.039295714285714e-04	4.555753e-01
1.078581428571429e-04	4.738627e-01
1.117867142857143e-04	4.951735e-01
1.157152857142857e-04	5.195078e-01
1.196438571428572e-04	5.468654e-01
1.235724285714286e-04	5.772465e-01
1.275010000000000e-04	6.106511e-01
1.275013000000000e-04	6.106538e-01
1.275016000000000e-04	6.106564e-01
1.275020000000000e-04	6.106600e-01
1.378588571428572e-04	6.967803e-01
1.482157142857143e-04	7.756395e-01
1.585725714285715e-04	8.472376e-01
1.689294285714286e-04	9.115746e-01
1.792862857142857e-04	9.686505e-01
1.896431428571429e-04	1.018465e+00
2.000000000000000e-04	1.061019e+00
2.000001000000000e-04	1.061019e+00
2.000003000000000e-04	1.061020e+00
2.000006000000000e-04	1.061021e+00
2.000010000000000e-04	1.061023e+00
2.039295714285714e-04	1.078514e+00
2.078581428571429e-04	1.098777e+00
2.117867142857143e-04	1.121814e+00
2.157152857142857e-04	1.147624e+00
2.196438571428572e-04	1.176206e+00
2.235724285714286e-04	1.207561e+00
2.275010000000000e-04	1.241689e+00
2.275013000000000e-04	1.241692e+00
2.275016000000000e-04	1.241695e+00
2.275020000000000e-04	1.241698e+00
2.378588571428571e-04	1.328259e+00
2.482157142857143e-04	1.406363e+00
2.585725714285714e-04	1.476011e+00
2.689294285714286e-04	1.537201e+00
2.792862857142857e-04	1.589935e+00
2.896431428571429e-04	1.634212e+00
3.000000000000000e-04	1.670032e+00
3.000001000000000e-04	1.670033e+00
3.000003000000000e-04	1.670033e+00
3.000006000000000e-04	1.670034e+00
3.000010000000000e-04	1.670035e+00
3.039295714285715e-04	1.684793e+00
3.078581428571429e-04	1.702220e+00
3.117867142857143e-04	1.722316e+00
3.157152857142858e-04	1.745080e+00
3.196438571428572e-04	1.770514e+00
3.235724285714286e-04	1.798616e+00
3.275010000000001e-04	1.829387e+00
3.275013000000001e-04	1.829390e+00
3.275016000000000e-04	1.829392e+00
3.275020000000001e-04	1.829395e+00
3.374537410714287e-04	1.903863e+00
3.474054821428572e-04	1.970046e+00
3.573572232142858e-04	2.027942e+00
3.673089642857144e-04	2.077552e+00
3.772607053571429e-04	2.118877e+00
3.872124464285715e-04	2.151916e+00
3.971641875000000e-04	2.176669e+00
4.000000000000000e-04	2.182815e+00
4.000001000000000e-04	2.182815e+00
4.000003000000000e-04	2.182816e+00
4.000006000000000e-04	2.182816e+00
4.000010000000000e-04	2.182817e+00
4.039295714285715e-04	2.193023e+00
4.078581428571429e-04	2.205874e+00
4.117867142857143e-04	2.221372e+00
4.157152857142858e-04	2.239516e+00
4.196438571428572e-04	2.260307e+00
4.235724285714286e-04	2.283744e+00
4.275010000000001e-04	2.309827e+00
4.275013000000000e-04	2.309829e+00
4.275016000000000e-04	2.309831e+00
4.275020000000001e-04	2.309834e+00
4.366215128570938e-04	2.367702e+00
4.457410257141876e-04	2.418452e+00
4.548605385712813e-04	2.462083e+00
4.639800514283751e-04	2.498596e+00
4.730995642854689e-04	2.527990e+00
4.822190771425626e-04	2.550266e+00
4.913385899996564e-04	2.565424e+00
4.925759342854197e-04	2.567283e+00
4.938132785711831e-04	2.569015e+00
4.950506228569465e-04	2.570620e+00
4.962879671427099e-04	2.572099e+00
4.975253114284733e-04	2.573452e+00
4.987626557142366e-04	2.574678e+00
5.000000000000000e-04	2.575777e+00
5.000001000000000e-04	2.575777e+00
5.000003000000000e-04	2.575777e+00
5.000006000000000e-04	2.575778e+00
5.000010000000000e-04	2.575778e+00
5.039295714285714e-04	2.581294e+00
5.078581428571429e-04	2.589473e+00
5.117867142857143e-04	2.600316e+00
5.157152857142857e-04	2.613823e+00
5.196438571428571e-04	2.629993e+00
5.235724285714286e-04	2.648827e+00
5.275010000000000e-04	2.670325e+00
5.275013000000000e-04	2.670327e+00
5.275016000000000e-04	2.670329e+00
5.275020000000000e-04	2.670331e+00
5.352264235714810e-04	2.711181e+00
5.429508471429620e-04	2.746861e+00
5.506752707144430e-04	2.777371e+00
5.583996942859239e-04	2.802709e+00
5.661241178574049e-04	2.822877e+00
5.738485414288859e-04	2.837874e+00
5.815729650003669e-04	2.847700e+00
5.864557775003669e-04	2.852090e+00
5.913385900003669e-04	2.854926e+00
5.921708182146002e-04	2.855333e+00
5.930030464288335e-04	2.855676e+00
5.938352746430668e-04	2.855954e+00
5.946675028573002e-04	2.856166e+00
5.954997310715335e-04	2.856314e+00
5.963319592857668e-04	2.856396e+00
5.971641875000001e-04	2.856413e+00
5.979520000000000e-04	2.856414e+00
5.982428571428569e-04	2.856404e+00
5.985337142857140e-04	2.856388e+00
5.988245714285709e-04	2.856367e+00
5.991154285714279e-04	2.856339e+00
5.994062857142848e-04	2.856307e+00
5.996971428571419e-04	2.856268e+00
5.999879999999988e-04	2.856224e+00
5.999920000000021e-04	2.856224e+00
6.000000000000001e-04	2.856222e+00
6.000001000000001e-04	2.856222e+00
6.000003000000000e-04	2.856222e+00
6.000006000000000e-04	2.856222e+00
6.000010000000001e-04	2.856222e+00
6.007499771429096e-04	2.856178e+00
6.014989542858191e-04	2.856269e+00
6.022479314287286e-04	2.856494e+00
6.029969085716382e-04	2.856855e+00
6.037458857145478e-04	2.857351e+00
6.044948628574573e-04	2.857982e+00
6.052438400003668e-04	2.858748e+00
6.101266525003668e-04	2.865827e+00
6.150094650003668e-04	2.876823e+00
6.167939700003144e-04	2.881624e+00
6.185784750002620e-04	2.887028e+00
6.203629800002096e-04	2.893036e+00
6.221474850001572e-04	2.899647e+00
6.239319900001048e-04	2.906862e+00
6.257164950000525e-04	2.914680e+00
6.275010000000000e-04	2.923101e+00
6.275013000000000e-04	2.923103e+00
6.275016000000000e-04	2.923104e+00
6.275020000000001e-04	2.923106e+00
6.345288789286239e-04	2.953807e+00
6.415557578572477e-04	2.980275e+00
6.485826367858716e-04	3.002511e+00
6.556095157144954e-04	3.020514e+00
6.626363946431193e-04	3.034286e+00
6.696632735717431e-04	3.043825e+00
6.766901525003669e-04	3.049132e+00
6.815729650003669e-04	3.051039e+00
6.864557775003669e-04	3.051296e+00
6.913385900003669e-04	3.050050e+00
6.925759342860288e-04	3.049575e+00
6.938132785716907e-04	3.048981e+00
6.950506228573526e-04	3.048269e+00
6.962879671430144e-04	3.047439e+00
6.975253114286763e-04	3.046491e+00
6.987626557143382e-04	3.045424e+00
7.000000000000001e-04	3.044240e+00
7.000001000000001e-04	3.044239e+00
7.000003000000001e-04	3.044239e+00
7.000006000000001e-04	3.044239e+00
7.000010000000000e-04	3.044239e+00
7.007499771427066e-04	3.043589e+00
7.014989542854130e-04	3.043076e+00
7.022479314281196e-04	3.042700e+00
7.029969085708261e-04	3.042460e+00
7.037458857135327e-04	3.042357e+00
7.044948628562391e-04	3.042391e+00
7.052438399989457e-04	3.042561e+00
7.101266524989457e-04	3.045781e+00
7.150094649989457e-04	3.052968e+00
7.198922774989457e-04	3.064038e+00
7.209792378562391e-04	3.066951e+00
7.220661982135327e-04	3.070117e+00
7.231531585708261e-04	3.073535e+00
7.242401189281195e-04	3.077206e+00
7.253270792854130e-04	3.081130e+00
7.264140396427065e-04	3.085307e+00
7.275010000000000e-04	3.089737e+00
7.275013000000000e-04	3.089738e+00
7.275016000000000e-04	3.089739e+00
7.275020000000000e-04	3.089741e+00
7.338313342857667e-04	3.113015e+00
7.401606685715333e-04	3.132893e+00
7.464900028573001e-04	3.149374e+00
7.528193371430667e-04	3.162457e+00
7.591486714288334e-04	3.172144e+00
7.654780057146001e-04	3.178433e+00
7.718073400003667e-04	3.181326e+00
7.766901525003667e-04	3.181815e+00
7.815729650003667e-04	3.180640e+00
7.864557775003667e-04	3.177867e+00
7.913385900003668e-04	3.173640e+00
7.925759342860286e-04	3.172414e+00
7.938132785716905e-04	3.171073e+00
7.950506228573524e-04	3.169619e+00
7.962879671430143e-04	3.168050e+00
7.975253114286762e-04	3.166367e+00
7.987626557143381e-04	3.164570e+00
8.000000000000000e-04	3.162658e+00
8.000001000000001e-04	3.162658e+00
8.000003000000000e-04	3.162658e+00
8.000006000000000e-04	3.162657e+00
8.000010000000001e-04	3.162657e+00
8.014475217857668e-04	3.160761e+00
8.028940435715334e-04	3.159294e+00
8.043405653573001e-04	3.158255e+00
8.057870871430668e-04	3.157643e+00
8.072336089288335e-04	3.157460e+00
8.086801307146002e-04	3.157704e+00
8.101266525003669e-04	3.158376e+00
8.150094650003669e-04	3.162823e+00
8.198922775003669e-04	3.171198e+00
8.209792378574574e-04	3.173515e+00
8.220661982145477e-04	3.176089e+00
8.231531585716382e-04	3.178918e+00
8.242401189287287e-04	3.182002e+00
8.253270792858192e-04	3.185343e+00
8.264140396429095e-04	3.188939e+00
8.275010000000000e-04	3.192791e+00
8.275013000000000e-04	3.192793e+00
8.275016000000000e-04	3.192794e+00
8.275020000000000e-04	3.192795e+00
8.331337896429096e-04	3.210795e+00
8.387655792858191e-04	3.226124e+00
8.443973689287287e-04	3.238785e+00
8.500291585716382e-04	3.248775e+00
8.556609482145477e-04	3.256095e+00
8.612927378574573e-04	3.260746e+00
8.669245275003668e-04	3.262727e+00
8.718073400003668e-04	3.262738e+00
8.766901525003668e-04	3.261062e+00
8.815729650003668e-04	3.257764e+00
8.864557775003668e-04	3.252909e+00
8.913385900003668e-04	3.246639e+00
8.925759342860287e-04	3.244899e+00
8.938132785716906e-04	3.243048e+00
8.950506228573525e-04	3.241086e+00
8.962879671430144e-04	3.239014e+00
8.975253114286763e-04	3.236830e+00
8.987626557143382e-04	3.234535e+00
9.000000000000001e-04	3.232129e+00
9.000001000000001e-04	3.232129e+00
9.000003000000001e-04	3.232129e+00
9.000006000000001e-04	3.232128e+00
9.000010000000001e-04	3.232127e+00
9.014475217857668e-04	3.229657e+00
9.028940435715334e-04	3.227619e+00
9.043405653573002e-04	3.226012e+00
9.057870871430669e-04	3.224836e+00
9.072336089288336e-04	3.224092e+00
9.086801307146002e-04	3.223779e+00
9.101266525003669e-04	3.223898e+00
9.150094650003669e-04	3.226496e+00
9.198922775003669e-04	3.233055e+00
9.209792378574574e-04	3.234972e+00
9.220661982145478e-04	3.237148e+00
9.231531585716383e-04	3.239581e+00
9.242401189287287e-04	3.242273e+00
9.253270792858192e-04	3.245222e+00
9.264140396429096e-04	3.248430e+00
9.275010000000001e-04	3.251896e+00
9.275013000000001e-04	3.251897e+00
9.275016000000001e-04	3.251898e+00
9.275020000000001e-04	3.251899e+00
9.324362450000525e-04	3.266140e+00
9.373704900001048e-04	3.278338e+00
9.423047350001572e-04	3.288493e+00
9.472389800002097e-04	3.296606e+00
9.521732250002621e-04	3.302677e+00
9.571074700003144e-04	3.306705e+00
9.620417150003668e-04	3.308691e+00
9.669245275003668e-04	3.308984e+00
9.718073400003668e-04	3.307555e+00
9.766901525003668e-04	3.304471e+00
9.815729650003667e-04	3.299798e+00
9.864557775003666e-04	3.293598e+00
9.883906664288856e-04	3.290825e+00
9.903255553574048e-04	3.287816e+00
9.922604442859238e-04	3.284572e+00
9.941953332144428e-04	3.281092e+00
9.961302221429618e-04	3.277376e+00
9.980651110714810e-04	3.273425e+00
1.000000000000000e-03	3.269238e+00
1.000000100000000e-03	3.269238e+00
1.000000300000000e-03	3.269238e+00
1.000000600000000e-03	3.269237e+00
1.000001000000000e-03	3.269236e+00
1.001447521785564e-03	3.266399e+00
1.002894043571127e-03	3.263996e+00
1.004340565356691e-03	3.262027e+00
1.005787087142255e-03	3.260492e+00
1.007233608927818e-03	3.259391e+00
1.008680130713382e-03	3.258724e+00
1.010126652498946e-03	3.258491e+00
1.015009464998945e-03	3.259916e+00
1.019892277498945e-03	3.265326e+00
1.020979237856239e-03	3.266990e+00
1.022066198213532e-03	3.268914e+00
1.023153158570826e-03	3.271098e+00
1.024240118928119e-03	3.273542e+00
1.025327079285413e-03	3.276246e+00
1.026414039642706e-03	3.279209e+00
1.027501000000000e-03	3.282432e+00
1.027501300000000e-03	3.282433e+00
1.027501600000000e-03	3.282434e+00
1.027502000000000e-03	3.282435e+00
1.032436244999849e-03	3.295591e+00
1.037370489999699e-03	3.306730e+00
1.042304734999548e-03	3.315851e+00
1.047238979999397e-03	3.322954e+00
1.052173224999246e-03	3.328040e+00
1.057107469999096e-03	3.331108e+00
1.062041714998945e-03	3.332159e+00
1.066924527498945e-03	3.331550e+00
1.071807339998945e-03	3.329241e+00
1.076690152498945e-03	3.325301e+00
1.081572964998945e-03	3.319793e+00
1.086455777498944e-03	3.312780e+00
1.088390666427667e-03	3.309689e+00
1.090325555356389e-03	3.306366e+00
1.092260444285111e-03	3.302811e+00
1.094195333213833e-03	3.299024e+00
1.096130222142555e-03	3.295004e+00
1.098065111071278e-03	3.290753e+00
1.100000000000000e-03	3.286270e+00
1.100000100000000e-03	3.286269e+00
1.100000300000000e-03	3.286269e+00
1.100000600000000e-03	3.286268e+00
1.100001000000000e-03	3.286267e+00
1.101447521785564e-03	3.283211e+00
1.102894043571127e-03	3.280590e+00
1.104340565356691e-03	3.278405e+00
1.105787087142255e-03	3.276657e+00
1.107233608927818e-03	3.275344e+00
1.108680130713382e-03	3.274466e+00
1.110126652498946e-03	3.274025e+00
1.115009464998946e-03	3.274755e+00
1.119892277498945e-03	3.279488e+00
1.120979237856239e-03	3.281003e+00
1.122066198213533e-03	3.282780e+00
1.123153158570826e-03	3.284817e+00
1.124240118928119e-03	3.287115e+00
1.125327079285413e-03	3.289675e+00
1.126414039642706e-03	3.292495e+00
1.127501000000000e-03	3.295576e+00
1.127501300000000e-03	3.295577e+00
1.127501600000000e-03	3.295578e+00
1.127502000000000e-03	3.295578e+00
1.132436244999849e-03	3.308102e+00
1.137370489999699e-03	3.318625e+00
1.142304734999548e-03	3.327147e+00
1.147238979999397e-03	3.333668e+00
1.152173224999246e-03	3.338188e+00
1.157107469999096e-03	3.340707e+00
1.162041714998945e-03	3.341225e+00
1.166924527498945e-03	3.340104e+00
1.171807339998945e-03	3.337300e+00
1.176690152498945e-03	3.332878e+00
1.181572964998945e-03	3.326902e+00
1.186455777498944e-03	3.319437e+00
1.188388094999095e-03	3.316174e+00
1.190320412499246e-03	3.312682e+00
1.192252729999396e-03	3.308961e+00
1.194185047499547e-03	3.305010e+00
1.196117364999698e-03	3.300830e+00
1.198049682499848e-03	3.296421e+00
1.199981999999999e-03	3.291783e+00
1.199984000000002e-03	3.291778e+00
1.200000000000000e-03	3.291739e+00
1.200000100000000e-03	3.291739e+00
1.200000300000000e-03	3.291739e+00
1.200000600000000e-03	3.291738e+00
1.200001000000000e-03	3.291737e+00
1.201447521785564e-03	3.288560e+00
1.202894043571127e-03	3.285821e+00
1.204340565356691e-03	3.283518e+00
1.205787087142255e-03	3.281653e+00
1.207233608927818e-03	3.280224e+00
1.208680130713382e-03	3.279233e+00
1.210126652498946e-03	3.278679e+00
1.215009464998946e-03	3.279033e+00
1.219892277498945e-03	3.283401e+00
1.220979237856239e-03	3.284837e+00
1.222066198213533e-03	3.286534e+00
1.223153158570826e-03	3.288493e+00
1.224240118928119e-03	3.290713e+00
1.225327079285413e-03	3.293195e+00
1.226414039642707e-03	3.295939e+00
1.227501000000000e-03	3.298945e+00
1.227501300000000e-03	3.298945e+00
1.227501600000000e-03	3.298946e+00
1.227502000000000e-03	3.298947e+00
1.232436244999849e-03	3.311136e+00
1.237370489999699e-03	3.321334e+00
1.242304734999548e-03	3.329542e+00
1.247238979999397e-03	3.335759e+00
1.252173224999246e-03	3.339986e+00
1.257107469999096e-03	3.342223e+00
1.262041714998945e-03	3.342469e+00
1.266924527498945e-03	3.341088e+00
1.271807339998945e-03	3.338033e+00
1.276690152498945e-03	3.333370e+00
1.281572964998945e-03	3.327163e+00
1.286455777498945e-03	3.319474e+00
1.288390666427667e-03	3.316120e+00
1.290325555356389e-03	3.312537e+00
1.292260444285111e-03	3.308727e+00
1.294195333213833e-03	3.304687e+00
1.296130222142556e-03	3.300420e+00
1.298065111071278e-03	3.295924e+00
1.300000000000000e-03	3.291199e+00
1.300000100000000e-03	3.291199e+00
1.300000300000000e-03	3.291198e+00
1.300000600000000e-03	3.291198e+00
1.300001000000000e-03	3.291197e+00
1.301447521785564e-03	3.287963e+00
1.302894043571127e-03	3.285166e+00
1.304340565356691e-03	3.282808e+00
1.305787087142255e-03	3.280887e+00
1.307233608927818e-03	3.279404e+00
1.308680130713382e-03	3.278358e+00
1.310126652498946e-03	3.277751e+00
1.315009464998946e-03	3.277929e+00
1.319892277498946e-03	3.282127e+00
1.320979237856239e-03	3.283525e+00
1.322066198213533e-03	3.285186e+00
1.323153158570826e-03	3.287109e+00
1.324240118928119e-03	3.289294e+00
1.325327079285413e-03	3.291740e+00
1.326414039642707e-03	3.294449e+00
1.327501000000000e-03	3.297420e+00
1.327501300000000e-03	3.297421e+00
1.327501600000000e-03	3.297422e+00
1.327502000000000e-03	3.297423e+00
1.332436244999849e-03	3.309460e+00
1.337370489999699e-03	3.319513e+00
1.342304734999548e-03	3.327581e+00
1.347238979999397e-03	3.333666e+00
1.352173224999246e-03	3.337766e+00
1.357107469999096e-03	3.339882e+00
1.362041714998945e-03	3.340014e+00
1.366924527498945e-03	3.338525e+00
1.371807339998945e-03	3.335368e+00
1.376690152498945e-03	3.330608e+00
1.381572964998945e-03	3.324309e+00
1.386455777498945e-03	3.316533e+00
1.388390666427667e-03	3.313145e+00
1.390325555356389e-03	3.309530e+00
1.392260444285111e-03	3.305687e+00
1.394195333213833e-03	3.301617e+00
1.396130222142556e-03	3.297319e+00
1.398065111071278e-03	3.292794e+00
1.400000000000000e-03	3.288041e+00
1.400000100000000e-03	3.288040e+00
1.400000300000000e-03	3.288040e+00
1.400000600000000e-03	3.288039e+00
1.400001000000000e-03	3.288038e+00
1.401447521785564e-03	3.284783e+00
1.402894043571127e-03	3.281967e+00
1.404340565356691e-03	3.279588e+00
1.405787087142254e-03	3.277648e+00
1.407233608927818e-03	3.276145e+00
1.408680130713382e-03	3.275081e+00
1.410126652498946e-03	3.274454e+00
1.415009464998945e-03	3.274572e+00
1.419892277498945e-03	3.278713e+00
1.420979237856239e-03	3.280099e+00
1.422066198213532e-03	3.281748e+00
1.423153158570826e-03	3.283659e+00
1.424240118928119e-03	3.285832e+00
1.425327079285413e-03	3.288268e+00
1.426414039642706e-03	3.290966e+00
1.427501000000000e-03	3.293926e+00
1.427501300000000e-03	3.293927e+00
1.427501600000000e-03	3.293927e+00
1.427502000000000e-03	3.293929e+00
1.432436244999849e-03	3.305919e+00
1.437370489999698e-03	3.315929e+00
1.442304734999548e-03	3.323957e+00
1.447238979999397e-03	3.330005e+00
1.452173224999246e-03	3.334072e+00
1.457107469999096e-03	3.336159e+00
1.462041714998945e-03	3.336264e+00
1.466924527498945e-03	3.334752e+00
1.471807339998945e-03	3.331574e+00
1.476690152498945e-03	3.326796e+00
1.481572964998944e-03	3.320482e+00
1.486455777498944e-03	3.312693e+00
1.488390666427667e-03	3.309301e+00
1.490325555356389e-03	3.305682e+00
1.492260444285111e-03	3.301836e+00
1.494195333213833e-03	3.297762e+00
1.496130222142555e-03	3.293461e+00
1.498065111071278e-03	3.288933e+00
1.500000000000000e-03	3.284178e+00
1.500000100000000e-03	3.284178e+00
1.500000300000000e-03	3.284177e+00
1.500000600000000e-03	3.284177e+00
1.500001000000000e-03	3.284176e+00
1.501447521785564e-03	3.280919e+00
1.502894043571127e-03	3.278102e+00
1.504340565356691e-03	3.275722e+00
1.505787087142255e-03	3.273781e+00
1.507233608927818e-03	3.272278e+00
1.508680130713382e-03	3.271213e+00
1.510126652498946e-03	3.270587e+00
1.515009464998945e-03	3.270705e+00
1.519892277498945e-03	3.274848e+00
1.520979237856239e-03	3.276236e+00
1.522066198213532e-03	3.277885e+00
1.523153158570826e-03	3.279797e+00
1.524240118928119e-03	3.281971e+00
1.525327079285413e-03	3.284408e+00
1.526414039642706e-03	3.287107e+00
1.527501000000000e-03	3.290069e+00
1.527501300000000e-03	3.290070e+00
1.527501600000000e-03	3.290070e+00
1.527502000000000e-03	3.290071e+00
1.532436244999849e-03	3.302070e+00
1.537370489999699e-03	3.312088e+00
1.542304734999548e-03	3.320128e+00
1.547238979999397e-03	3.326188e+00
1.552173224999246e-03	3.330269e+00
1.557107469999096e-03	3.332370e+00
1.562041714998945e-03	3.332493e+00
1.566924527498945e-03	3.330999e+00
1.571807339998945e-03	3.327840e+00
1.576690152498945e-03	3.323082e+00
1.581572964998945e-03	3.316790e+00
1.586455777498944e-03	3.309023e+00
1.588390666427667e-03	3.305641e+00
1.590325555356389e-03	3.302031e+00
1.592260444285111e-03	3.298194e+00
1.594195333213833e-03	3.294130e+00
1.596130222142556e-03	3.289839e+00
1.598065111071278e-03	3.285321e+00
1.600000000000000e-03	3.280576e+00
1.600000100000000e-03	3.280576e+00
1.600000300000000e-03	3.280576e+00
1.600000600000000e-03	3.280575e+00
1.600001000000000e-03	3.280574e+00
1.601447521785564e-03	3.277325e+00
1.602894043571127e-03	3.274515e+00
1.604340565356691e-03	3.272144e+00
1.605787087142255e-03	3.270210e+00
1.607233608927818e-03	3.268715e+00
1.608680130713382e-03	3.267659e+00
1.610126652498946e-03	3.267040e+00
1.615009464998946e-03	3.267187e+00
1.619892277498945e-03	3.271358e+00
1.620979237856239e-03	3.272752e+00
1.622066198213533e-03	3.274408e+00
1.623153158570826e-03	3.276327e+00
1.624240118928119e-03	3.278508e+00
1.625327079285413e-03	3.280951e+00
1.626414039642707e-03	3.283657e+00
1.627501000000000e-03	3.286625e+00
1.627501300000000e-03	3.286626e+00
1.627501600000000e-03	3.286627e+00
1.627502000000000e-03	3.286628e+00
1.632436244999849e-03	3.298657e+00
1.637370489999699e-03	3.308707e+00
1.642304734999548e-03	3.316778e+00
1.647238979999397e-03	3.322871e+00
1.652173224999246e-03	3.326984e+00
1.657107469999096e-03	3.329119e+00
1.662041714998945e-03	3.329276e+00
1.666924527498945e-03	3.327815e+00
1.671807339998945e-03	3.324691e+00
1.676690152498945e-03	3.319968e+00
1.681572964998945e-03	3.313709e+00
1.686455777498944e-03	3.305979e+00
1.688390666427667e-03	3.302610e+00
1.690325555356389e-03	3.299014e+00
1.692260444285111e-03	3.295191e+00
1.694195333213833e-03	3.291141e+00
1.696130222142556e-03	3.286864e+00
1.698065111071278e-03	3.282360e+00
1.700000000000000e-03	3.277630e+00
1.700000100000000e-03	3.277629e+00
1.700000300000000e-03	3.277629e+00
1.700000600000000e-03	3.277628e+00
1.700001000000000e-03	3.277627e+00
1.701447521785564e-03	3.274389e+00
1.702894043571127e-03	3.271590e+00
1.704340565356691e-03	3.269229e+00
1.705787087142255e-03	3.267306e+00
1.707233608927818e-03	3.265822e+00
1.708680130713382e-03	3.264776e+00
1.710126652498946e-03	3.264168e+00
1.715009464998946e-03	3.264350e+00
1.719892277498945e-03	3.268558e+00
1.720979237856239e-03	3.269960e+00
1.722066198213533e-03	3.271624e+00
1.723153158570826e-03	3.273551e+00
1.724240118928119e-03	3.275739e+00
1.725327079285413e-03	3.278191e+00
1.726414039642707e-03	3.280905e+00
1.727501000000000e-03	3.283881e+00
1.727501300000000e-03	3.283882e+00
1.727501600000000e-03	3.283883e+00
1.727502000000000e-03	3.283884e+00
1.732436244999849e-03	3.295949e+00
1.737370489999699e-03	3.306036e+00
1.742304734999548e-03	3.314144e+00
1.747238979999397e-03	3.320273e+00
1.752173224999246e-03	3.324423e+00
1.757107469999096e-03	3.326595e+00
1.762041714998945e-03	3.326787e+00
1.766924527498945e-03	3.325363e+00
1.771807339998945e-03	3.322274e+00
1.776690152498945e-03	3.317587e+00
1.781572964998945e-03	3.311364e+00
1.786455777498945e-03	3.303669e+00
1.788386380713381e-03	3.300322e+00
1.790316983927817e-03	3.296749e+00
1.792247587142254e-03	3.292950e+00
1.794178190356690e-03	3.288924e+00
1.796108793571127e-03	3.284673e+00
1.798039396785563e-03	3.280195e+00
1.799970000000000e-03	3.275492e+00
1.799974000000000e-03	3.275482e+00
1.800000000000000e-03	3.275417e+00
1.800000100000000e-03	3.275417e+00
1.800000300000000e-03	3.275417e+00
1.800000600000000e-03	3.275416e+00
1.800001000000000e-03	3.275415e+00
1.801447521785564e-03	3.272187e+00
1.802894043571127e-03	3.269398e+00
1.804340565356691e-03	3.267047e+00
1.805787087142255e-03	3.265135e+00
1.807233608927818e-03	3.263661e+00
1.808680130713382e-03	3.262625e+00
1.810126652498946e-03	3.262028e+00
1.815009464998946e-03	3.262244e+00
1.819892277498946e-03	3.266486e+00
1.820979237856239e-03	3.267895e+00
1.822066198213533e-03	3.269567e+00
1.823153158570826e-03	3.271501e+00
1.824240118928119e-03	3.273697e+00
1.825327079285413e-03	3.276156e+00
1.826414039642707e-03	3.278878e+00
1.827501000000000e-03	3.281862e+00
1.827501300000000e-03	3.281862e+00
1.827501600000000e-03	3.281863e+00
1.827502000000000e-03	3.281864e+00
1.832436244999849e-03	3.293964e+00
1.837370489999699e-03	3.304084e+00
1.842304734999548e-03	3.312225e+00
1.847238979999397e-03	3.318387e+00
1.852173224999246e-03	3.322570e+00
1.857107469999096e-03	3.324774e+00
1.862041714998945e-03	3.324999e+00
1.866924527498945e-03	3.323606e+00
1.871807339998945e-03	3.320549e+00
1.876690152498945e-03	3.315892e+00
1.881572964998945e-03	3.309700e+00
1.886455777498945e-03	3.302035e+00
1.888390666427667e-03	3.298692e+00
1.890325555356389e-03	3.295122e+00
1.892260444285111e-03	3.291325e+00
1.894195333213833e-03	3.287300e+00
1.896130222142556e-03	3.283049e+00
1.898065111071278e-03	3.278571e+00
1.900000000000000e-03	3.273865e+00
1.900000100000000e-03	3.273865e+00
1.900000300000000e-03	3.273865e+00
1.900000600000000e-03	3.273864e+00
1.900001000000000e-03	3.273863e+00
1.901447521785564e-03	3.270644e+00
1.902894043571127e-03	3.267863e+00
1.904340565356691e-03	3.265521e+00
1.905787087142254e-03	3.263617e+00
1.907233608927818e-03	3.262152e+00
1.908680130713382e-03	3.261124e+00
1.910126652498946e-03	3.260535e+00
1.915009464998945e-03	3.260780e+00
1.919892277498945e-03	3.265051e+00
1.920979237856239e-03	3.266466e+00
1.922066198213532e-03	3.268144e+00
1.923153158570826e-03	3.270084e+00
1.924240118928119e-03	3.272287e+00
1.925327079285413e-03	3.274752e+00
1.926414039642706e-03	3.277479e+00
1.927501000000000e-03	3.280469e+00
1.927501300000000e-03	3.280470e+00
1.927501600000000e-03	3.280471e+00
1.927502000000000e-03	3.280472e+00
1.932436244999849e-03	3.292599e+00
1.937370489999698e-03	3.302746e+00
1.942304734999548e-03	3.310914e+00
1.947238979999397e-03	3.317102e+00
1.952173224999246e-03	3.321311e+00
1.957107469999096e-03	3.323541e+00
1.962041714998945e-03	3.323791e+00
1.966924527498945e-03	3.322423e+00
1.971807339998945e-03	3.319390e+00
1.976690152498945e-03	3.314758e+00
1.981572964998944e-03	3.308589e+00
1.986455777498944e-03	3.300948e+00
1.988390666427667e-03	3.297614e+00
1.990325555356389e-03	3.294053e+00
1.992260444285111e-03	3.290265e+00
1.994195333213834e-03	3.286250e+00
1.996130222142556e-03	3.282008e+00
1.998065111071278e-03	3.277538e+00
2.000000000000000e-03	3.272842e+00
2.000000100000000e-03	3.272841e+00
2.000000300000000e-03	3.272841e+00
2.000000600000000e-03	3.272840e+00
2.000001000000000e-03	3.272839e+00
2.001447521785969e-03	3.269627e+00
2.002894043571939e-03	3.266853e+00
2.004340565357909e-03	3.264517e+00
2.005787087143879e-03	3.262620e+00
2.007233608929848e-03	3.261161e+00
2.008680130715818e-03	3.260140e+00
2.010126652501788e-03	3.259557e+00
2.015009465001787e-03	3.259824e+00
2.019892277501787e-03	3.264115e+00
2.020979237858675e-03	3.265535e+00
2.022066198215562e-03	3.267218e+00
2.023153158572450e-03	3.269163e+00
2.024240118929337e-03	3.271370e+00
2.025327079286225e-03	3.273839e+00
2.026414039643112e-03	3.276572e+00
2.027501000000000e-03	3.279566e+00
2.027501300000000e-03	3.279567e+00
2.027501600000000e-03	3.279568e+00
2.027502000000000e-03	3.279569e+00
2.032436245000255e-03	3.291716e+00
2.037370490000511e-03	3.301884e+00
2.042304735000766e-03	3.310072e+00
2.047238980001021e-03	3.316280e+00
2.052173225001276e-03	3.320508e+00
2.057107470001532e-03	3.322756e+00
2.062041715001787e-03	3.323025e+00
2.066924527501787e-03	3.321675e+00
2.071807340001787e-03	3.318660e+00
2.076690152501787e-03	3.314045e+00
2.081572965001787e-03	3.307894e+00
2.086455777501787e-03	3.300269e+00
2.088390666430103e-03	3.296942e+00
2.090325555358419e-03	3.293388e+00
2.092260444286735e-03	3.289606e+00
2.094195333215051e-03	3.285598e+00
2.096130222143367e-03	3.281362e+00
2.098065111071684e-03	3.276899e+00
2.100000000000000e-03	3.272208e+00
2.100000100000000e-03	3.272208e+00
2.100000300000000e-03	3.272208e+00
2.100000600000000e-03	3.272207e+00
2.100001000000000e-03	3.272206e+00
2.101447521785969e-03	3.268999e+00
2.102894043571939e-03	3.266229e+00
2.104340565357909e-03	3.263898e+00
2.105787087143879e-03	3.262005e+00
2.107233608929848e-03	3.260551e+00
2.108680130715818e-03	3.259535e+00
2.110126652501787e-03	3.258956e+00
2.115009465001787e-03	3.259238e+00
2.119892277501787e-03	3.263545e+00
2.120979237858675e-03	3.264968e+00
2.122066198215562e-03	3.266654e+00
2.123153158572450e-03	3.268602e+00
2.124240118929338e-03	3.270812e+00
2.125327079286225e-03	3.273285e+00
2.126414039643113e-03	3.276020e+00
2.127501000000000e-03	3.279018e+00
2.127501300000000e-03	3.279019e+00
2.127501600000000e-03	3.279020e+00
2.127502000000000e-03	3.279021e+00
2.132436245000255e-03	3.291182e+00
2.137370490000511e-03	3.301364e+00
2.142304735000766e-03	3.309566e+00
2.147238980001021e-03	3.315787e+00
2.152173225001277e-03	3.320029e+00
2.157107470001532e-03	3.322290e+00
2.162041715001787e-03	3.322572e+00
2.166924527501787e-03	3.321234e+00
2.171807340001787e-03	3.318231e+00
2.176690152501787e-03	3.313628e+00
2.181572965001787e-03	3.307489e+00
2.186455777501787e-03	3.299875e+00
2.188390666430103e-03	3.296552e+00
2.190325555358419e-03	3.293003e+00
2.192260444286736e-03	3.289226e+00
2.194195333215051e-03	3.285221e+00
2.196130222143368e-03	3.280990e+00
2.198065111071684e-03	3.276531e+00
2.200000000000000e-03	3.271845e+00
2.200000100000000e-03	3.271845e+00
2.200000300000000e-03	3.271844e+00
2.200000600000000e-03	3.271844e+00
2.200001000000000e-03	3.271842e+00
2.201447521785970e-03	3.268638e+00
2.202894043571939e-03	3.265872e+00
2.204340565357909e-03	3.263544e+00
2.205787087143879e-03	3.261655e+00
2.207233608929848e-03	3.260203e+00
2.208680130715818e-03	3.259190e+00
2.210126652501788e-03	3.258615e+00
2.215009465001787e-03	3.258906e+00
2.219892277501787e-03	3.263222e+00
2.220979237858675e-03	3.264648e+00
2.222066198215562e-03	3.266336e+00
2.223153158572450e-03	3.268286e+00
2.224240118929337e-03	3.270499e+00
2.225327079286225e-03	3.272974e+00
2.226414039643112e-03	3.275711e+00
2.227501000000000e-03	3.278711e+00
2.227501300000000e-03	3.278712e+00
2.227501600000000e-03	3.278713e+00
2.227502000000000e-03	3.278714e+00
2.232436245000255e-03	3.290885e+00
2.237370490000511e-03	3.301076e+00
2.242304735000766e-03	3.309287e+00
2.247238980001021e-03	3.315517e+00
2.252173225001276e-03	3.319767e+00
2.257107470001532e-03	3.322037e+00
2.262041715001787e-03	3.322327e+00
2.266924527501787e-03	3.320997e+00
2.271807340001787e-03	3.318002e+00
2.276690152501787e-03	3.313406e+00
2.281572965001787e-03	3.307274e+00
2.286455777501787e-03	3.299668e+00
2.288390666430103e-03	3.296348e+00
2.290325555358419e-03	3.292801e+00
2.292260444286735e-03	3.289027e+00
2.294195333215051e-03	3.285025e+00
2.296130222143367e-03	3.280797e+00
2.298065111071684e-03	3.276340e+00
2.300000000000000e-03	3.271657e+00
2.300000100000000e-03	3.271657e+00
2.300000300000000e-03	3.271656e+00
2.300000600000000e-03	3.271656e+00
2.300001000000000e-03	3.271655e+00
2.301447521785969e-03	3.268452e+00
2.302894043571939e-03	3.265688e+00
2.304340565357909e-03	3.263362e+00
2.305787087143879e-03	3.261474e+00
2.307233608929848e-03	3.260025e+00
2.308680130715818e-03	3.259013e+00
2.310126652501787e-03	3.258440e+00
2.315009465001787e-03	3.258738e+00
2.319892277501787e-03	3.263061e+00
2.320979237858675e-03	3.264487e+00
2.322066198215562e-03	3.266177e+00
2.323153158572450e-03	3.268128e+00
2.324240118929337e-03	3.270342e+00
2.325327079286225e-03	3.272819e+00
2.326414039643112e-03	3.275557e+00
2.327501000000000e-03	3.278558e+00
2.327501300000000e-03	3.278559e+00
2.327501600000000e-03	3.278560e+00
2.327502000000000e-03	3.278561e+00
2.332436245000255e-03	3.290738e+00
2.337370490000511e-03	3.300934e+00
2.342304735000766e-03	3.309151e+00
2.347238980001021e-03	3.315386e+00
2.352173225001276e-03	3.319642e+00
2.357107470001532e-03	3.321917e+00
2.362041715001787e-03	3.322212e+00
2.366924527501787e-03	3.320887e+00
2.371807340001787e-03	3.317896e+00
2.376690152501787e-03	3.313305e+00
2.381572965001787e-03	3.307178e+00
2.386455777501786e-03	3.299576e+00
2.388385952144389e-03	3.296266e+00
2.390316126786991e-03	3.292730e+00
2.392246301429593e-03	3.288968e+00
2.394176476072196e-03	3.284980e+00
2.396106650714798e-03	3.280765e+00
2.398036825357401e-03	3.276325e+00
2.399967000000003e-03	3.271657e+00
2.399968000000003e-03	3.271655e+00
2.400000000000000e-03	3.271576e+00
2.400000100000000e-03	3.271576e+00
2.400000300000000e-03	3.271575e+00
2.400000600000000e-03	3.271574e+00
2.400001000000000e-03	3.271574e+00
2.401447521785969e-03	3.268372e+00
2.402894043571939e-03	3.265609e+00
2.404340565357909e-03	3.263284e+00
2.405787087143878e-03	3.261398e+00
2.407233608929848e-03	3.259949e+00
2.408680130715818e-03	3.258939e+00
2.410126652501787e-03	3.258367e+00
2.415009465001787e-03	3.258668e+00
2.419892277501787e-03	3.262995e+00
2.420979237858675e-03	3.264422e+00
2.422066198215562e-03	3.266112e+00
2.423153158572450e-03	3.268064e+00
2.424240118929338e-03	3.270279e+00
2.425327079286225e-03	3.272756e+00
2.426414039643113e-03	3.275496e+00
2.427501000000000e-03	3.278498e+00
2.427501300000000e-03	3.278498e+00
2.427501600000000e-03	3.278499e+00
2.427502000000000e-03	3.278500e+00
2.432436245000255e-03	3.290680e+00
2.437370490000511e-03	3.300880e+00
2.442304735000766e-03	3.309099e+00
2.447238980001021e-03	3.315338e+00
2.452173225001276e-03	3.319597e+00
2.457107470001532e-03	3.321875e+00
2.462041715001787e-03	3.322172e+00
2.466924527501787e-03	3.320850e+00
2.471807340001787e-03	3.317862e+00
2.476690152501787e-03	3.313273e+00
2.481572965001787e-03	3.307148e+00
2.486455777501787e-03	3.299549e+00
2.488390666430103e-03	3.296231e+00
2.490325555358419e-03	3.292687e+00
2.492260444286735e-03	3.288915e+00
2.494195333215051e-03	3.284916e+00
2.496130222143368e-03	3.280690e+00
2.498065111071684e-03	3.276236e+00
2.500000000000000e-03	3.271555e+00
2.500000100000000e-03	3.271555e+00
2.500000300000000e-03	3.271554e+00
2.500000600000000e-03	3.271554e+00
2.500001000000000e-03	3.271553e+00
2.501447521785969e-03	3.268352e+00
2.502894043571939e-03	3.265590e+00
2.504340565357909e-03	3.263265e+00
2.505787087143879e-03	3.261379e+00
2.507233608929848e-03	3.259932e+00
2.508680130715818e-03	3.258922e+00
2.510126652501788e-03	3.258350e+00
2.515009465001787e-03	3.258654e+00
2.519892277501787e-03	3.262981e+00
2.520979237858675e-03	3.264410e+00
2.522066198215562e-03	3.266100e+00
2.523153158572450e-03	3.268053e+00
2.524240118929337e-03	3.270268e+00
2.525327079286225e-03	3.272745e+00
2.526414039643112e-03	3.275485e+00
2.527501000000000e-03	3.278487e+00
2.527501300000000e-03	3.278488e+00
2.527501600000000e-03	3.278489e+00
2.527502000000000e-03	3.278490e+00
2.532436245000255e-03	3.290672e+00
2.537370490000511e-03	3.300873e+00
2.542304735000766e-03	3.309094e+00
2.547238980001021e-03	3.315334e+00
2.552173225001276e-03	3.319594e+00
2.557107470001532e-03	3.321874e+00
2.562041715001787e-03	3.322173e+00
2.566924527501787e-03	3.320852e+00
2.571807340001787e-03	3.317865e+00
2.576690152501787e-03	3.313277e+00
2.581572965001787e-03	3.307153e+00
2.586455777501787e-03	3.299555e+00
2.588390666430103e-03	3.296238e+00
2.590325555358419e-03	3.292694e+00
2.592260444286735e-03	3.288923e+00
2.594195333215051e-03	3.284924e+00
2.596130222143367e-03	3.280698e+00
2.598065111071684e-03	3.276245e+00
2.600000000000000e-03	3.271564e+00
2.600000100000000e-03	3.271564e+00
2.600000300000000e-03	3.271564e+00
2.600000600000000e-03	3.271563e+00
2.600001000000000e-03	3.271562e+00
2.601447521785969e-03	3.268361e+00
2.602894043571939e-03	3.265599e+00
2.604340565357909e-03	3.263275e+00
2.605787087143879e-03	3.261389e+00
2.607233608929848e-03	3.259942e+00
2.608680130715818e-03	3.258932e+00
2.610126652501787e-03	3.258361e+00
2.615009465001787e-03	3.258666e+00
2.619892277501787e-03	3.262994e+00
2.620979237858675e-03	3.264423e+00
2.622066198215562e-03	3.266113e+00
2.623153158572450e-03	3.268066e+00
2.624240118929338e-03	3.270281e+00
2.625327079286225e-03	3.272759e+00
2.626414039643113e-03	3.275499e+00
2.627501000000000e-03	3.278501e+00
2.627501300000001e-03	3.278502e+00
2.627501600000000e-03	3.278503e+00
2.627502000000000e-03	3.278504e+00
2.632436245000255e-03	3.290687e+00
2.637370490000511e-03	3.300889e+00
2.642304735000766e-03	3.309110e+00
2.647238980001021e-03	3.315351e+00
2.652173225001277e-03	3.319611e+00
2.657107470001532e-03	3.321891e+00
2.662041715001787e-03	3.322191e+00
2.666924527501787e-03	3.320870e+00
2.671807340001787e-03	3.317884e+00
2.676690152501787e-03	3.313297e+00
2.681572965001787e-03	3.307173e+00
2.686455777501787e-03	3.299575e+00
2.688390666430103e-03	3.296259e+00
2.690325555358419e-03	3.292715e+00
2.692260444286736e-03	3.288944e+00
2.694195333215051e-03	3.284945e+00
2.696130222143368e-03	3.280719e+00
2.698065111071684e-03	3.276266e+00
2.700000000000000e-03	3.271586e+00
2.700000100000000e-03	3.271585e+00
2.700000300000000e-03	3.271585e+00
2.700000600000000e-03	3.271584e+00
2.700001000000000e-03	3.271583e+00
2.701447521785970e-03	3.268383e+00
2.702894043571939e-03	3.265621e+00
2.704340565357909e-03	3.263297e+00
2.705787087143879e-03	3.261411e+00
2.707233608929848e-03	3.259964e+00
2.708680130715818e-03	3.258954e+00
2.710126652501788e-03	3.258383e+00
2.715009465001788e-03	3.258688e+00
2.719892277501787e-03	3.263017e+00
2.720979237858675e-03	3.264445e+00
2.722066198215562e-03	3.266136e+00
2.723153158572450e-03	3.268089e+00
2.724240118929337e-03	3.270304e+00
2.725327079286225e-03	3.272782e+00
2.726414039643112e-03	3.275522e+00
2.727501000000000e-03	3.278524e+00
2.727501300000000e-03	3.278525e+00
2.727501600000000e-03	3.278526e+00
2.727502000000000e-03	3.278527e+00
2.732436245000255e-03	3.290710e+00
2.737370490000511e-03	3.300912e+00
2.742304735000766e-03	3.309133e+00
2.747238980001021e-03	3.315374e+00
2.752173225001276e-03	3.319635e+00
2.757107470001532e-03	3.321915e+00
2.762041715001787e-03	3.322214e+00
2.766924527501787e-03	3.320894e+00
2.771807340001787e-03	3.317908e+00
2.776690152501787e-03	3.313321e+00
2.781572965001787e-03	3.307197e+00
2.786455777501787e-03	3.299599e+00
2.788390666430103e-03	3.296282e+00
2.790325555358419e-03	3.292738e+00
2.792260444286735e-03	3.288967e+00
2.794195333215051e-03	3.284969e+00
2.796130222143367e-03	3.280743e+00
2.798065111071684e-03	3.276290e+00
2.800000000000000e-03	3.271609e+00
2.800000100000000e-03	3.271609e+00
2.800000300000000e-03	3.271609e+00
2.800000600000000e-03	3.271608e+00
2.800001000000000e-03	3.271607e+00
2.801447521785969e-03	3.268406e+00
2.802894043571939e-03	3.265644e+00
2.804340565357909e-03	3.263320e+00
2.805787087143879e-03	3.261435e+00
2.807233608929848e-03	3.259987e+00
2.808680130715818e-03	3.258978e+00
2.810126652501787e-03	3.258407e+00
2.815009465001787e-03	3.258711e+00
2.819892277501787e-03	3.263040e+00
2.820979237858675e-03	3.264468e+00
2.822066198215562e-03	3.266159e+00
2.823153158572450e-03	3.268112e+00
2.824240118929337e-03	3.270327e+00
2.825327079286225e-03	3.272805e+00
2.826414039643112e-03	3.275545e+00
2.827501000000000e-03	3.278547e+00
2.827501300000000e-03	3.278548e+00
2.827501600000000e-03	3.278549e+00
2.827502000000000e-03	3.278550e+00
2.832436245000255e-03	3.290733e+00
2.837370490000511e-03	3.300935e+00
2.842304735000766e-03	3.309156e+00
2.847238980001021e-03	3.315397e+00
2.852173225001276e-03	3.319658e+00
2.857107470001532e-03	3.321937e+00
2.862041715001787e-03	3.322237e+00
2.866924527501787e-03	3.320916e+00
2.871807340001787e-03	3.317930e+00
2.876690152501787e-03	3.313343e+00
2.881572965001787e-03	3.307219e+00
2.886455777501786e-03	3.299621e+00
2.888390666430103e-03	3.296304e+00
2.890325555358419e-03	3.292760e+00
2.892260444286735e-03	3.288989e+00
2.894195333215051e-03	3.284990e+00
2.896130222143367e-03	3.280764e+00
2.898065111071684e-03	3.276311e+00
2.900000000000000e-03	3.271630e+00
2.900000100000000e-03	3.271630e+00
2.900000300000000e-03	3.271630e+00
2.900000600000000e-03	3.271629e+00
2.900001000000000e-03	3.271628e+00
2.901447521785969e-03	3.268428e+00
2.902894043571939e-03	3.265666e+00
2.904340565357909e-03	3.263342e+00
2.905787087143878e-03	3.261456e+00
2.907233608929848e-03	3.260008e+00
2.908680130715818e-03	3.258999e+00
2.910126652501787e-03	3.258427e+00
2.915009465001787e-03	3.258732e+00
2.919892277501787e-03	3.263060e+00
2.920979237858675e-03	3.264488e+00
2.922066198215562e-03	3.266179e+00
2.923153158572450e-03	3.268132e+00
2.924240118929338e-03	3.270347e+00
2.925327079286225e-03	3.272825e+00
2.926414039643113e-03	3.275565e+00
2.927501000000000e-03	3.278567e+00
2.927501300000000e-03	3.278568e+00
2.927501600000000e-03	3.278569e+00
2.927502000000000e-03	3.278570e+00
2.932436245000255e-03	3.290752e+00
2.937370490000511e-03	3.300954e+00
2.942304735000766e-03	3.309176e+00
2.947238980001021e-03	3.315416e+00
2.952173225001277e-03	3.319677e+00
2.957107470001532e-03	3.321956e+00
2.962041715001787e-03	3.322255e+00
2.966924527501787e-03	3.320934e+00
2.971807340001787e-03	3.317948e+00
2.976690152501787e-03	3.313361e+00
2.981572965001787e-03	3.307237e+00
2.986455777501787e-03	3.299638e+00
2.988382523572960e-03	3.296336e+00
2.990309269644133e-03	3.292809e+00
2.992236015715307e-03	3.289055e+00
2.994162761786480e-03	3.285077e+00
2.996089507857653e-03	3.280873e+00
2.998016253928826e-03	3.276443e+00
2.999943000000000e-03	3.271788e+00
2.999951000000000e-03	3.271768e+00
3.000000000000000e-03	3.271647e+00
3.000000100000000e-03	3.271647e+00
3.000000300000000e-03	3.271646e+00
3.000000600000000e-03	3.271646e+00
3.000001000000000e-03	3.271645e+00
3.001447521785969e-03	3.268444e+00
3.002894043571939e-03	3.265682e+00
3.004340565357909e-03	3.263358e+00
3.005787087143879e-03	3.261472e+00
3.007233608929848e-03	3.260024e+00
3.008680130715818e-03	3.259015e+00
3.010126652501788e-03	3.258444e+00
3.015009465001787e-03	3.258748e+00
3.019892277501787e-03	3.263076e+00
3.020979237858675e-03	3.264505e+00
3.022066198215562e-03	3.266195e+00
3.023153158572450e-03	3.268148e+00
3.024240118929337e-03	3.270363e+00
3.025327079286225e-03	3.272841e+00
3.026414039643112e-03	3.275581e+00
3.027501000000000e-03	3.278583e+00
3.027501300000000e-03	3.278584e+00
3.027501600000000e-03	3.278584e+00
3.027502000000000e-03	3.278586e+00
3.032436245000255e-03	3.290768e+00
3.037370490000511e-03	3.300969e+00
3.042304735000766e-03	3.309191e+00
3.047238980001021e-03	3.315431e+00
3.052173225001276e-03	3.319691e+00
3.057107470001532e-03	3.321971e+00
3.062041715001787e-03	3.322269e+00
3.066924527501787e-03	3.320948e+00
3.071807340001787e-03	3.317961e+00
3.076690152501787e-03	3.313374e+00
3.081572965001787e-03	3.307250e+00
3.086455777501787e-03	3.299651e+00
3.088390666430103e-03	3.296334e+00
3.090325555358419e-03	3.292790e+00
3.092260444286735e-03	3.289019e+00
3.094195333215051e-03	3.285020e+00
3.096130222143367e-03	3.280794e+00
3.098065111071684e-03	3.276340e+00
3.100000000000000e-03	3.271660e+00
3.100000100000000e-03	3.271659e+00
3.100000300000000e-03	3.271659e+00
3.100000600000000e-03	3.271658e+00
3.100001000000000e-03	3.271657e+00
3.101447521785969e-03	3.268457e+00
3.102894043571939e-03	3.265694e+00
3.104340565357909e-03	3.263370e+00
3.105787087143879e-03	3.261484e+00
3.107233608929848e-03	3.260037e+00
3.108680130715818e-03	3.259027e+00
3.110126652501787e-03	3.258456e+00
3.115009465001787e-03	3.258759e+00
3.119892277501787e-03	3.263088e+00
3.120979237858675e-03	3.264516e+00
3.122066198215562e-03	3.266207e+00
3.123153158572450e-03	3.268159e+00
3.124240118929338e-03	3.270375e+00
3.125327079286225e-03	3.272852e+00
3.126414039643113e-03	3.275592e+00
3.127501000000000e-03	3.278594e+00
3.127501300000001e-03	3.278595e+00
3.127501600000000e-03	3.278596e+00
3.127502000000000e-03	3.278597e+00
3.132436245000255e-03	3.290779e+00
3.137370490000511e-03	3.300980e+00
3.142304735000766e-03	3.309201e+00
3.147238980001021e-03	3.315442e+00
3.152173225001277e-03	3.319701e+00
3.157107470001532e-03	3.321981e+00
3.162041715001787e-03	3.322279e+00
3.166924527501787e-03	3.320958e+00
3.171807340001787e-03	3.317971e+00
3.176690152501787e-03	3.313383e+00
3.181572965001787e-03	3.307259e+00
3.186455777501787e-03	3.299660e+00
3.188390666430103e-03	3.296343e+00
3.190325555358419e-03	3.292799e+00
3.192260444286736e-03	3.289027e+00
3.194195333215051e-03	3.285029e+00
3.196130222143368e-03	3.280802e+00
3.198065111071684e-03	3.276349e+00
3.200000000000000e-03	3.271668e+00
3.200000100000000e-03	3.271668e+00
3.200000300000000e-03	3.271667e+00
3.200000600000000e-03	3.271667e+00
3.200001000000000e-03	3.271666e+00
3.201447521785970e-03	3.268465e+00
3.202894043571939e-03	3.265703e+00
3.204340565357909e-03	3.263378e+00
3.205787087143879e-03	3.261492e+00
3.207233608929848e-03	3.260045e+00
3.208680130715818e-03	3.259035e+00
3.210126652501788e-03	3.258464e+00
3.215009465001788e-03	3.258768e+00
3.219892277501787e-03	3.263096e+00
3.220979237858675e-03	3.264524e+00
3.222066198215562e-03	3.266214e+00
3.223153158572450e-03	3.268167e+00
3.224240118929337e-03	3.270382e+00
3.225327079286225e-03	3.272860e+00
3.226414039643113e-03	3.275599e+00
3.227501000000000e-03	3.278602e+00
3.227501300000000e-03	3.278603e+00
3.227501600000000e-03	3.278603e+00
3.227502000000000e-03	3.278605e+00
3.232436245000255e-03	3.290786e+00
3.237370490000511e-03	3.300988e+00
3.242304735000766e-03	3.309208e+00
3.247238980001021e-03	3.315449e+00
3.252173225001276e-03	3.319708e+00
3.257107470001532e-03	3.321987e+00
3.262041715001787e-03	3.322286e+00
3.266924527501787e-03	3.320965e+00
3.271807340001787e-03	3.317977e+00
3.276690152501787e-03	3.313390e+00
3.281572965001787e-03	3.307265e+00
3.286455777501787e-03	3.299666e+00
3.288390666430103e-03	3.296349e+00
3.290325555358419e-03	3.292805e+00
3.292260444286735e-03	3.289033e+00
3.294195333215051e-03	3.285034e+00
3.296130222143367e-03	3.280808e+00
3.298065111071684e-03	3.276355e+00
3.300000000000000e-03	3.271674e+00
3.300000100000000e-03	3.271673e+00
3.300000300000000e-03	3.271673e+00
3.300000600000000e-03	3.271672e+00
3.300001000000000e-03	3.271671e+00
3.301447521785969e-03	3.268471e+00
3.302894043571939e-03	3.265708e+00
3.304340565357909e-03	3.263384e+00
3.305787087143879e-03	3.261498e+00
3.307233608929848e-03	3.260050e+00
3.308680130715818e-03	3.259041e+00
3.310126652501787e-03	3.258469e+00
3.315009465001787e-03	3.258773e+00
3.319892277501787e-03	3.263101e+00
3.320979237858675e-03	3.264529e+00
3.322066198215562e-03	3.266219e+00
3.323153158572450e-03	3.268172e+00
3.324240118929337e-03	3.270387e+00
3.325327079286225e-03	3.272865e+00
3.326414039643112e-03	3.275604e+00
3.327501000000000e-03	3.278607e+00
3.327501300000000e-03	3.278607e+00
3.327501600000000e-03	3.278608e+00
3.327502000000000e-03	3.278609e+00
3.332436245000255e-03	3.290791e+00
3.337370490000511e-03	3.300992e+00
3.342304735000766e-03	3.309213e+00
3.347238980001021e-03	3.315453e+00
3.352173225001276e-03	3.319713e+00
3.357107470001532e-03	3.321992e+00
3.362041715001787e-03	3.322290e+00
3.366924527501787e-03	3.320969e+00
3.371807340001787e-03	3.317981e+00
3.376690152501787e-03	3.313393e+00
3.381572965001787e-03	3.307269e+00
3.386455777501786e-03	3.299670e+00
3.388390666430103e-03	3.296353e+00
3.390325555358419e-03	3.292808e+00
3.392260444286735e-03	3.289037e+00
3.394195333215051e-03	3.285038e+00
3.396130222143367e-03	3.280812e+00
3.398065111071684e-03	3.276358e+00
3.400000000000000e-03	3.271677e+00
3.400000100000000e-03	3.271677e+00
3.400000300000000e-03	3.271676e+00
3.400000600000000e-03	3.271676e+00
3.400001000000000e-03	3.271675e+00
3.401447521785970e-03	3.268474e+00
3.402894043571940e-03	3.265712e+00
3.404340565357909e-03	3.263387e+00
3.405787087143879e-03	3.261501e+00
3.407233608929848e-03	3.260054e+00
3.408680130715818e-03	3.259044e+00
3.410126652501788e-03	3.258472e+00
3.415009465001788e-03	3.258776e+00
3.419892277501788e-03	3.263104e+00
3.420979237858675e-03	3.264532e+00
3.422066198215563e-03	3.266222e+00
3.423153158572450e-03	3.268175e+00
3.424240118929338e-03	3.270390e+00
3.425327079286225e-03	3.272867e+00
3.426414039643113e-03	3.275607e+00
3.427501000000000e-03	3.278610e+00
3.427501300000000e-03	3.278610e+00
3.427501600000000e-03	3.278611e+00
3.427502000000000e-03	3.278612e+00
3.432436245000255e-03	3.290794e+00
3.437370490000511e-03	3.300995e+00
3.442304735000766e-03	3.309216e+00
3.447238980001021e-03	3.315456e+00
3.452173225001277e-03	3.319715e+00
3.457107470001532e-03	3.321994e+00
3.462041715001787e-03	3.322292e+00
3.466924527501787e-03	3.320971e+00
3.471807340001787e-03	3.317983e+00
3.476690152501787e-03	3.313396e+00
3.481572965001787e-03	3.307271e+00
3.486455777501787e-03	3.299672e+00
3.488390666430103e-03	3.296355e+00
3.490325555358419e-03	3.292810e+00
3.492260444286736e-03	3.289039e+00
3.494195333215051e-03	3.285040e+00
3.496130222143368e-03	3.280813e+00
3.498065111071684e-03	3.276360e+00
3.500000000000000e-03	3.271679e+00
3.500000100000000e-03	3.271679e+00
3.500000300000000e-03	3.271678e+00
3.500000600000000e-03	3.271677e+00
3.500001000000000e-03	3.271677e+00
3.501447521785969e-03	3.268476e+00
3.502894043571939e-03	3.265714e+00
3.504340565357909e-03	3.263389e+00
3.505787087143879e-03	3.261503e+00
3.507233608929848e-03	3.260055e+00
3.508680130715818e-03	3.259046e+00
3.510126652501788e-03	3.258474e+00
3.515009465001787e-03	3.258778e+00
3.519892277501787e-03	3.263105e+00
3.520979237858675e-03	3.264533e+00
3.522066198215562e-03	3.266224e+00
3.523153158572450e-03	3.268177e+00
3.524240118929337e-03	3.270392e+00
3.525327079286225e-03	3.272869e+00
3.526414039643112e-03	3.275609e+00
3.527501000000000e-03	3.278611e+00
3.527501300000000e-03	3.278612e+00
3.527501600000000e-03	3.278613e+00
3.527502000000000e-03	3.278614e+00
3.532436245000255e-03	3.290795e+00
3.537370490000511e-03	3.300997e+00
3.542304735000766e-03	3.309217e+00
3.547238980001021e-03	3.315457e+00
3.552173225001276e-03	3.319716e+00
3.557107470001532e-03	3.321995e+00
3.562041715001787e-03	3.322294e+00
3.566924527501787e-03	3.320972e+00
3.571807340001787e-03	3.317985e+00
3.576690152501787e-03	3.313397e+00
3.581572965001787e-03	3.307272e+00
3.586455777501787e-03	3.299673e+00
3.588381666430099e-03	3.296372e+00
3.590307555358411e-03	3.292846e+00
3.592233444286724e-03	3.289094e+00
3.594159333215035e-03	3.285118e+00
3.596085222143348e-03	3.280915e+00
3.598011111071660e-03	3.276488e+00
3.599936999999972e-03	3.271835e+00
3.599938999999973e-03	3.271830e+00
3.600000000000000e-03	3.271680e+00
3.600000100000000e-03	3.271680e+00
3.600000300000000e-03	3.271679e+00
3.600000600000000e-03	3.271678e+00
3.600001000000000e-03	3.271677e+00
3.601447521785970e-03	3.268477e+00
3.602894043571940e-03	3.265714e+00
3.604340565357909e-03	3.263390e+00
3.605787087143879e-03	3.261504e+00
3.607233608929848e-03	3.260056e+00
3.608680130715818e-03	3.259047e+00
3.610126652501788e-03	3.258475e+00
3.615009465001788e-03	3.258779e+00
3.619892277501788e-03	3.263106e+00
3.620979237858675e-03	3.264534e+00
3.622066198215563e-03	3.266225e+00
3.623153158572450e-03	3.268177e+00
3.624240118929338e-03	3.270392e+00
3.625327079286225e-03	3.272870e+00
3.626414039643113e-03	3.275610e+00
3.627501000000000e-03	3.278612e+00
3.627501300000001e-03	3.278613e+00
3.627501600000000e-03	3.278614e+00
3.627502000000000e-03	3.278615e+00
3.632436245000255e-03	3.290796e+00
3.637370490000511e-03	3.300997e+00
3.642304735000766e-03	3.309218e+00
3.647238980001021e-03	3.315458e+00
3.652173225001277e-03	3.319717e+00
3.657107470001532e-03	3.321996e+00
3.662041715001787e-03	3.322294e+00
3.666924527501787e-03	3.320972e+00
3.671807340001787e-03	3.317985e+00
3.676690152501787e-03	3.313397e+00
3.681572965001787e-03	3.307272e+00
3.686455777501787e-03	3.299673e+00
3.688390666430103e-03	3.296356e+00
3.690325555358419e-03	3.292812e+00
3.692260444286736e-03	3.289040e+00
3.694195333215051e-03	3.285041e+00
3.696130222143368e-03	3.280815e+00
3.698065111071684e-03	3.276361e+00
3.700000000000000e-03	3.271680e+00
3.700000100000000e-03	3.271680e+00
3.700000300000000e-03	3.271680e+00
3.700000600000000e-03	3.271679e+00
3.700001000000000e-03	3.271678e+00
3.701447521785970e-03	3.268477e+00
3.702894043571939e-03	3.265715e+00
3.704340565357909e-03	3.263390e+00
3.705787087143879e-03	3.261504e+00
3.707233608929848e-03	3.260056e+00
3.708680130715818e-03	3.259047e+00
3.710126652501788e-03	3.258475e+00
3.715009465001788e-03	3.258779e+00
3.719892277501787e-03	3.263107e+00
3.720979237858675e-03	3.264535e+00
3.722066198215562e-03	3.266225e+00
3.723153158572450e-03	3.268178e+00
3.724240118929337e-03	3.270393e+00
3.725327079286225e-03	3.272870e+00
3.726414039643113e-03	3.275610e+00
3.727501000000000e-03	3.278612e+00
3.727501300000000e-03	3.278613e+00
3.727501600000000e-03	3.278614e+00
3.727502000000000e-03	3.278615e+00
3.732436245000255e-03	3.290796e+00
3.737370490000511e-03	3.300998e+00
3.742304735000766e-03	3.309218e+00
3.747238980001021e-03	3.315458e+00
3.752173225001276e-03	3.319717e+00
3.757107470001532e-03	3.321996e+00
3.762041715001787e-03	3.322294e+00
3.766924527501787e-03	3.320973e+00
3.771807340001787e-03	3.317985e+00
3.776690152501787e-03	3.313397e+00
3.781572965001787e-03	3.307272e+00
3.786455777501787e-03	3.299673e+00
3.788390666430103e-03	3.296356e+00
3.790325555358419e-03	3.292812e+00
3.792260444286735e-03	3.289040e+00
3.794195333215051e-03	3.285041e+00
3.796130222143367e-03	3.280815e+00
3.798065111071684e-03	3.276361e+00
3.800000000000000e-03	3.271680e+00
3.800000100000000e-03	3.271680e+00
3.800000300000000e-03	3.271680e+00
3.800000600000000e-03	3.271679e+00
3.800001000000000e-03	3.271678e+00
3.801447521785969e-03	3.268477e+00
3.802894043571939e-03	3.265715e+00
3.804340565357909e-03	3.263390e+00
3.805787087143879e-03	3.261504e+00
3.807233608929848e-03	3.260056e+00
3.808680130715818e-03	3.259047e+00
3.810126652501787e-03	3.258475e+00
3.815009465001787e-03	3.258779e+00
3.819892277501787e-03	3.263107e+00
3.820979237858675e-03	3.264535e+00
3.822066198215562e-03	3.266225e+00
3.823153158572450e-03	3.268178e+00
3.824240118929337e-03	3.270393e+00
3.825327079286225e-03	3.272870e+00
3.826414039643112e-03	3.275610e+00
3.827501000000000e-03	3.278612e+00
3.827501300000000e-03	3.278613e+00
3.827501600000000e-03	3.278614e+00
3.827502000000000e-03	3.278615e+00
3.832436245000255e-03	3.290796e+00
3.837370490000511e-03	3.300998e+00
3.842304735000766e-03	3.309218e+00
3.847238980001021e-03	3.315458e+00
3.852173225001276e-03	3.319717e+00
3.857107470001532e-03	3.321996e+00
3.862041715001787e-03	3.322294e+00
3.866924527501787e-03	3.320973e+00
3.871807340001787e-03	3.317985e+00
3.876690152501787e-03	3.313397e+00
3.881572965001787e-03	3.307272e+00
3.886455777501787e-03	3.299673e+00
3.888390666430103e-03	3.296356e+00
3.890325555358419e-03	3.292812e+00
3.892260444286735e-03	3.289040e+00
3.894195333215051e-03	3.285041e+00
3.896130222143367e-03	3.280815e+00
3.898065111071684e-03	3.276361e+00
3.900000000000000e-03	3.271680e+00
3.900000100000000e-03	3.271680e+00
3.900000300000000e-03	3.271679e+00
3.900000600000000e-03	3.271679e+00
3.900001000000000e-03	3.271678e+00
3.901447521785970e-03	3.268477e+00
3.902894043571939e-03	3.265715e+00
3.904340565357909e-03	3.263390e+00
3.905787087143878e-03	3.261504e+00
3.907233608929848e-03	3.260056e+00
3.908680130715818e-03	3.259047e+00
3.910126652501788e-03	3.258475e+00
3.915009465001788e-03	3.258779e+00
3.919892277501788e-03	3.263106e+00
3.920979237858675e-03	3.264535e+00
3.922066198215562e-03	3.266225e+00
3.923153158572450e-03	3.268178e+00
3.924240118929338e-03	3.270393e+00
3.925327079286225e-03	3.272870e+00
3.926414039643112e-03	3.275610e+00
3.927501000000000e-03	3.278612e+00
3.927501300000000e-03	3.278613e+00
3.927501600000000e-03	3.278614e+00
3.927502000000000e-03	3.278615e+00
3.932436245000255e-03	3.290796e+00
3.937370490000511e-03	3.300997e+00
3.942304735000766e-03	3.309218e+00
3.947238980001022e-03	3.315458e+00
3.952173225001277e-03	3.319717e+00
3.957107470001532e-03	3.321996e+00
3.962041715001787e-03	3.322294e+00
3.966924527501787e-03	3.320972e+00
3.971807340001787e-03	3.317985e+00
3.976690152501787e-03	3.313397e+00
3.981572965001787e-03	3.307272e+00
3.986455777501787e-03	3.299673e+00
3.988390666430103e-03	3.296356e+00
3.990325555358419e-03	3.292812e+00
3.992260444286735e-03	3.289040e+00
3.994195333215052e-03	3.285041e+00
3.996130222143368e-03	3.280815e+00
3.998065111071684e-03	3.276361e+00
4.000000000000000e-03	3.271680e+00
4.000000100000000e-03	3.271680e+00
4.000000300000000e-03	3.271679e+00
4.000000600000000e-03	3.271679e+00
4.000001000000000e-03	3.271678e+00
4.001447521785970e-03	3.268477e+00
4.002894043571939e-03	3.265714e+00
4.004340565357909e-03	3.263390e+00
4.005787087143879e-03	3.261504e+00
4.007233608929849e-03	3.260056e+00
4.008680130715818e-03	3.259047e+00
4.010126652501788e-03	3.258475e+00
4.015009465001788e-03	3.258779e+00
4.019892277501788e-03	3.263106e+00
4.020979237858676e-03	3.264534e+00
4.022066198215562e-03	3.266225e+00
4.023153158572450e-03	3.268178e+00
4.024240118929338e-03	3.270393e+00
4.025327079286226e-03	3.272870e+00
4.026414039643112e-03	3.275610e+00
4.027501000000000e-03	3.278612e+00
4.027501300000001e-03	3.278613e+00
4.027501600000000e-03	3.278614e+00
4.027502000000001e-03	3.278615e+00
4.032436245000256e-03	3.290796e+00
4.037370490000511e-03	3.300997e+00
4.042304735000766e-03	3.309218e+00
4.047238980001022e-03	3.315458e+00
4.052173225001277e-03	3.319717e+00
4.057107470001532e-03	3.321996e+00
4.062041715001788e-03	3.322294e+00
4.066924527501787e-03	3.320972e+00
4.071807340001787e-03	3.317985e+00
4.076690152501787e-03	3.313397e+00
4.081572965001787e-03	3.307272e+00
4.086455777501787e-03	3.299673e+00
4.088390666430103e-03	3.296356e+00
4.090325555358420e-03	3.292811e+00
4.092260444286735e-03	3.289040e+00
4.094195333215052e-03	3.285041e+00
4.096130222143368e-03	3.280814e+00
4.098065111071685e-03	3.276361e+00
4.100000000000000e-03	3.271680e+00
4.100000100000001e-03	3.271680e+00
4.100000300000001e-03	3.271679e+00
4.100000600000001e-03	3.271678e+00
4.100001000000001e-03	3.271677e+00
4.101447521785971e-03	3.268477e+00
4.102894043571940e-03	3.265714e+00
4.104340565357910e-03	3.263390e+00
4.105787087143879e-03	3.261504e+00
4.107233608929849e-03	3.260056e+00
4.108680130715818e-03	3.259047e+00
4.110126652501788e-03	3.258475e+00
4.115009465001788e-03	3.258779e+00
4.119892277501788e-03	3.263106e+00
4.120979237858676e-03	3.264534e+00
4.122066198215563e-03	3.266225e+00
4.123153158572450e-03	3.268177e+00
4.124240118929338e-03	3.270392e+00
4.125327079286226e-03	3.272870e+00
4.126414039643113e-03	3.275610e+00
4.127501000000000e-03	3.278612e+00
4.127501300000000e-03	3.278613e+00
4.127501600000001e-03	3.278613e+00
4.127502000000001e-03	3.278615e+00
4.132436245000256e-03	3.290796e+00
4.137370490000511e-03	3.300997e+00
4.142304735000766e-03	3.309217e+00
4.147238980001022e-03	3.315457e+00
4.152173225001277e-03	3.319717e+00
4.157107470001533e-03	3.321995e+00
4.162041715001788e-03	3.322294e+00
4.166924527501788e-03	3.320972e+00
4.171807340001788e-03	3.317985e+00
4.176690152501788e-03	3.313397e+00
4.181572965001787e-03	3.307272e+00
4.186455777501787e-03	3.299673e+00
4.188374130715817e-03	3.296386e+00
4.190292483929848e-03	3.292875e+00
4.192210837143879e-03	3.289140e+00
4.194129190357909e-03	3.285182e+00
4.196047543571939e-03	3.281000e+00
4.197965896785970e-03	3.276594e+00
4.199884250000000e-03	3.271965e+00
4.199936000000000e-03	3.271837e+00
4.200000000000001e-03	3.271680e+00
4.200000100000000e-03	3.271680e+00
4.200000300000000e-03	3.271679e+00
4.200000600000001e-03	3.271678e+00
4.200001000000001e-03	3.271677e+00
4.201447521785971e-03	3.268477e+00
4.202894043571940e-03	3.265714e+00
4.204340565357910e-03	3.263390e+00
4.205787087143880e-03	3.261504e+00
4.207233608929850e-03	3.260056e+00
4.208680130715819e-03	3.259046e+00
4.210126652501789e-03	3.258475e+00
4.215009465001788e-03	3.258778e+00
4.219892277501788e-03	3.263106e+00
4.220979237858676e-03	3.264534e+00
4.222066198215563e-03	3.266225e+00
4.223153158572451e-03	3.268177e+00
4.224240118929338e-03	3.270392e+00
4.225327079286226e-03	3.272870e+00
4.226414039643113e-03	3.275610e+00
4.227501000000001e-03	3.278612e+00
4.227501300000001e-03	3.278612e+00
4.227501600000001e-03	3.278613e+00
4.227502000000001e-03	3.278614e+00
4.232436245000256e-03	3.290796e+00
4.237370490000511e-03	3.300997e+00
4.242304735000767e-03	3.309217e+00
4.247238980001023e-03	3.315457e+00
4.252173225001278e-03	3.319717e+00
4.257107470001533e-03	3.321995e+00
4.262041715001788e-03	3.322294e+00
4.266924527501788e-03	3.320972e+00
4.271807340001788e-03	3.317985e+00
4.276690152501788e-03	3.313397e+00
4.281572965001788e-03	3.307272e+00
4.286455777501788e-03	3.299673e+00
4.288390666430103e-03	3.296356e+00
4.290325555358420e-03	3.292811e+00
4.292260444286736e-03	3.289039e+00
4.294195333215053e-03	3.285040e+00
4.296130222143368e-03	3.280814e+00
4.298065111071685e-03	3.276361e+00
4.300000000000001e-03	3.271680e+00
4.300000100000000e-03	3.271679e+00
4.300000300000001e-03	3.271679e+00
4.300000600000000e-03	3.271678e+00
4.300001000000000e-03	3.271677e+00
4.301447521785970e-03	3.268477e+00
4.302894043571939e-03	3.265714e+00
4.304340565357909e-03	3.263390e+00
4.305787087143879e-03	3.261504e+00
4.307233608929849e-03	3.260056e+00
4.308680130715818e-03	3.259046e+00
4.310126652501788e-03	3.258475e+00
4.315009465001788e-03	3.258778e+00
4.319892277501788e-03	3.263106e+00
4.320979237858675e-03	3.264534e+00
4.322066198215562e-03	3.266225e+00
4.323153158572450e-03	3.268177e+00
4.324240118929338e-03	3.270392e+00
4.325327079286225e-03	3.272870e+00
4.326414039643112e-03	3.275609e+00
4.327501000000000e-03	3.278611e+00
4.327501300000001e-03	3.278612e+00
4.327501600000000e-03	3.278613e+00
4.327502000000000e-03	3.278614e+00
4.332436245000256e-03	3.290796e+00
4.337370490000511e-03	3.300997e+00
4.342304735000766e-03	3.309217e+00
4.347238980001022e-03	3.315457e+00
4.352173225001277e-03	3.319716e+00
4.357107470001532e-03	3.321995e+00
4.362041715001787e-03	3.322294e+00
4.366924527501787e-03	3.320972e+00
4.371807340001787e-03	3.317985e+00
4.376690152501787e-03	3.313397e+00
4.381572965001787e-03	3.307272e+00
4.386455777501787e-03	3.299673e+00
4.388390666430103e-03	3.296356e+00
4.390325555358419e-03	3.292811e+00
4.392260444286735e-03	3.289039e+00
4.394195333215052e-03	3.285040e+00
4.396130222143368e-03	3.280814e+00
4.398065111071684e-03	3.276361e+00
4.400000000000000e-03	3.271680e+00
4.400000100000001e-03	3.271679e+00
4.400000300000001e-03	3.271679e+00
4.400000600000000e-03	3.271678e+00
4.400001000000001e-03	3.271677e+00
4.401447521785971e-03	3.268477e+00
4.402894043571940e-03	3.265714e+00
4.404340565357909e-03	3.263390e+00
4.405787087143879e-03	3.261504e+00
4.407233608929849e-03	3.260056e+00
4.408680130715818e-03	3.259046e+00
4.410126652501788e-03	3.258475e+00
4.415009465001788e-03	3.258778e+00
4.419892277501788e-03	3.263106e+00
4.420979237858676e-03	3.264534e+00
4.422066198215563e-03	3.266224e+00
4.423153158572450e-03	3.268177e+00
4.424240118929338e-03	3.270392e+00
4.425327079286226e-03	3.272870e+00
4.426414039643113e-03	3.275609e+00
4.427501000000000e-03	3.278611e+00
4.427501300000000e-03	3.278612e+00
4.427501600000001e-03	3.278613e+00
4.427502000000001e-03	3.278614e+00
4.432436245000256e-03	3.290796e+00
4.437370490000511e-03	3.300997e+00
4.442304735000766e-03	3.309217e+00
4.447238980001022e-03	3.315457e+00
4.452173225001277e-03	3.319716e+00
4.457107470001533e-03	3.321995e+00
4.462041715001788e-03	3.322294e+00
4.466924527501788e-03	3.320972e+00
4.471807340001788e-03	3.317984e+00
4.476690152501787e-03	3.313396e+00
4.481572965001787e-03	3.307272e+00
4.486455777501787e-03	3.299672e+00
4.488390666430103e-03	3.296355e+00
4.490325555358420e-03	3.292811e+00
4.492260444286736e-03	3.289039e+00
4.494195333215052e-03	3.285040e+00
4.496130222143368e-03	3.280814e+00
4.498065111071685e-03	3.276361e+00
4.500000000000001e-03	3.271680e+00
4.500000100000000e-03	3.271679e+00
4.500000300000000e-03	3.271679e+00
4.500000600000001e-03	3.271678e+00
4.500001000000001e-03	3.271677e+00
4.501447521785971e-03	3.268476e+00
4.502894043571940e-03	3.265714e+00
4.504340565357910e-03	3.263390e+00
4.505787087143880e-03	3.261504e+00
4.507233608929849e-03	3.260056e+00
4.508680130715819e-03	3.259046e+00
4.510126652501788e-03	3.258475e+00
4.515009465001788e-03	3.258778e+00
4.519892277501788e-03	3.263106e+00
4.520979237858676e-03	3.264534e+00
4.522066198215563e-03	3.266224e+00
4.523153158572451e-03	3.268177e+00
4.524240118929338e-03	3.270392e+00
4.525327079286226e-03	3.272870e+00
4.526414039643113e-03	3.275609e+00
4.527501000000001e-03	3.278611e+00
4.527501300000001e-03	3.278612e+00
4.527501600000001e-03	3.278613e+00
4.527502000000001e-03	3.278614e+00
4.532436245000256e-03	3.290796e+00
4.537370490000511e-03	3.300997e+00
4.542304735000766e-03	3.309217e+00
4.547238980001022e-03	3.315457e+00
4.552173225001278e-03	3.319716e+00
4.557107470001533e-03	3.321995e+00
4.562041715001788e-03	3.322294e+00
4.566924527501788e-03	3.320972e+00
4.571807340001788e-03	3.317984e+00
4.576690152501788e-03	3.313396e+00
4.581572965001788e-03	3.307272e+00
4.586455777501787e-03	3.299672e+00
4.588390666430103e-03	3.296355e+00
4.590325555358420e-03	3.292811e+00
4.592260444286736e-03	3.289039e+00
4.594195333215052e-03	3.285040e+00
4.596130222143368e-03	3.280814e+00
4.598065111071685e-03	3.276360e+00
4.600000000000001e-03	3.271680e+00
4.600000100000000e-03	3.271679e+00
4.600000300000000e-03	3.271679e+00
4.600000600000000e-03	3.271678e+00
4.600001000000000e-03	3.271677e+00
4.601447521785970e-03	3.268476e+00
4.602894043571939e-03	3.265714e+00
4.604340565357909e-03	3.263390e+00
4.605787087143879e-03	3.261504e+00
4.607233608929849e-03	3.260056e+00
4.608680130715818e-03	3.259046e+00
4.610126652501788e-03	3.258475e+00
4.615009465001788e-03	3.258778e+00
4.619892277501788e-03	3.263106e+00
4.620979237858675e-03	3.264534e+00
4.622066198215562e-03	3.266224e+00
4.623153158572450e-03	3.268177e+00
4.624240118929338e-03	3.270392e+00
4.625327079286225e-03	3.272870e+00
4.626414039643112e-03	3.275609e+00
4.627501000000000e-03	3.278611e+00
4.627501300000001e-03	3.278612e+00
4.627501600000000e-03	3.278613e+00
4.627502000000000e-03	3.278614e+00
4.632436245000256e-03	3.290796e+00
4.637370490000511e-03	3.300997e+00
4.642304735000766e-03	3.309217e+00
4.647238980001022e-03	3.315457e+00
4.652173225001277e-03	3.319716e+00
4.657107470001532e-03	3.321995e+00
4.662041715001787e-03	3.322294e+00
4.666924527501787e-03	3.320972e+00
4.671807340001787e-03	3.317984e+00
4.676690152501787e-03	3.313396e+00
4.681572965001787e-03	3.307272e+00
4.686455777501787e-03	3.299672e+00
4.688390666430103e-03	3.296355e+00
4.690325555358419e-03	3.292811e+00
4.692260444286735e-03	3.289039e+00
4.694195333215052e-03	3.285040e+00
4.696130222143368e-03	3.280814e+00
4.698065111071684e-03	3.276360e+00
4.700000000000000e-03	3.271680e+00
4.700000100000001e-03	3.271679e+00
4.700000300000001e-03	3.271679e+00
4.700000600000000e-03	3.271678e+00
4.700001000000001e-03	3.271677e+00
4.701447521785970e-03	3.268476e+00
4.702894043571939e-03	3.265714e+00
4.704340565357909e-03	3.263390e+00
4.705787087143879e-03	3.261504e+00
4.707233608929849e-03	3.260056e+00
4.708680130715818e-03	3.259046e+00
4.710126652501788e-03	3.258475e+00
4.715009465001788e-03	3.258778e+00
4.719892277501788e-03	3.263106e+00
4.720979237858676e-03	3.264534e+00
4.722066198215562e-03	3.266224e+00
4.723153158572450e-03	3.268177e+00
4.724240118929338e-03	3.270392e+00
4.725327079286226e-03	3.272870e+00
4.726414039643113e-03	3.275609e+00
4.727501000000000e-03	3.278611e+00
4.727501300000000e-03	3.278612e+00
4.727501600000000e-03	3.278613e+00
4.727502000000001e-03	3.278614e+00
4.732436245000256e-03	3.290796e+00
4.737370490000511e-03	3.300997e+00
4.742304735000766e-03	3.309217e+00
4.747238980001022e-03	3.315457e+00
4.752173225001277e-03	3.319716e+00
4.757107470001532e-03	3.321995e+00
4.762041715001788e-03	3.322294e+00
4.766924527501788e-03	3.320972e+00
4.771807340001787e-03	3.317984e+00
4.776690152501787e-03	3.313396e+00
4.781572965001787e-03	3.307272e+00
4.786455777501787e-03	3.299672e+00
4.788367273572960e-03	3.296398e+00
4.790278769644133e-03	3.292901e+00
4.792190265715307e-03	3.289182e+00
4.794101761786481e-03	3.285240e+00
4.796013257857654e-03	3.281076e+00
4.797924753928827e-03	3.276690e+00
4.799836250000000e-03	3.272082e+00
4.799852250000000e-03	3.272043e+00
4.800000000000000e-03	3.271680e+00
4.800000100000000e-03	3.271679e+00
4.800000300000000e-03	3.271679e+00
4.800000600000001e-03	3.271678e+00
4.800001000000001e-03	3.271677e+00
4.801447521785971e-03	3.268476e+00
4.802894043571940e-03	3.265714e+00
4.804340565357910e-03	3.263390e+00
4.805787087143880e-03	3.261504e+00
4.807233608929849e-03	3.260056e+00
4.808680130715818e-03	3.259046e+00
4.810126652501788e-03	3.258475e+00
4.815009465001788e-03	3.258778e+00
4.819892277501788e-03	3.263106e+00
4.820979237858676e-03	3.264534e+00
4.822066198215563e-03	3.266224e+00
4.823153158572450e-03	3.268177e+00
4.824240118929338e-03	3.270392e+00
4.825327079286226e-03	3.272869e+00
4.826414039643113e-03	3.275609e+00
4.827501000000001e-03	3.278611e+00
4.827501300000001e-03	3.278612e+00
4.827501600000001e-03	3.278613e+00
4.827502000000001e-03	3.278614e+00
4.832436245000256e-03	3.290796e+00
4.837370490000511e-03	3.300997e+00
4.842304735000766e-03	3.309217e+00
4.847238980001022e-03	3.315457e+00
4.852173225001278e-03	3.319716e+00
4.857107470001533e-03	3.321995e+00
4.862041715001788e-03	3.322294e+00
4.866924527501788e-03	3.320972e+00
4.871807340001788e-03	3.317984e+00
4.876690152501788e-03	3.313396e+00
4.881572965001788e-03	3.307272e+00
4.886455777501787e-03	3.299672e+00
4.888390666430103e-03	3.296355e+00
4.890325555358420e-03	3.292811e+00
4.892260444286736e-03	3.289039e+00
4.894195333215052e-03	3.285040e+00
4.896130222143368e-03	3.280814e+00
4.898065111071685e-03	3.276360e+00
4.900000000000001e-03	3.271680e+00
4.900000100000000e-03	3.271679e+00
4.900000300000000e-03	3.271679e+00
4.900000600000000e-03	3.271678e+00
4.900001000000000e-03	3.271677e+00
4.901447521785970e-03	3.268476e+00
4.902894043571939e-03	3.265714e+00
4.904340565357909e-03	3.263390e+00
4.905787087143879e-03	3.261504e+00
4.907233608929849e-03	3.260056e+00
4.908680130715818e-03	3.259046e+00
4.910126652501788e-03	3.258475e+00
4.915009465001788e-03	3.258778e+00
4.919892277501788e-03	3.263106e+00
4.920979237858675e-03	3.264534e+00
4.922066198215562e-03	3.266224e+00
4.923153158572450e-03	3.268177e+00
4.924240118929338e-03	3.270392e+00
4.925327079286225e-03	3.272869e+00
4.926414039643112e-03	3.275609e+00
4.927501000000000e-03	3.278611e+00
4.927501300000000e-03	3.278612e+00
4.927501600000000e-03	3.278613e+00
4.927502000000000e-03	3.278614e+00
4.932436245000255e-03	3.290796e+00
4.937370490000511e-03	3.300997e+00
4.942304735000766e-03	3.309217e+00
4.947238980001022e-03	3.315457e+00
4.952173225001277e-03	3.319716e+00
4.957107470001532e-03	3.321995e+00
4.962041715001787e-03	3.322294e+00
4.966924527501787e-03	3.320972e+00
4.971807340001787e-03	3.317984e+00
4.976690152501787e-03	3.313396e+00
4.981572965001787e-03	3.307272e+00
4.986455777501787e-03	3.299672e+00
4.988390380715805e-03	3.296356e+00
4.990324983929824e-03	3.292812e+00
4.992259587143842e-03	3.289041e+00
4.994194190357861e-03	3.285043e+00
4.996128793571879e-03	3.280817e+00
4.998063396785898e-03	3.276364e+00
4.999997999999916e-03	3.271684e+00
4.999998999999916e-03	3.271682e+00
5.000000000000000e-03	3.271680e+00
